INSERT INTO clubs (ABREVIATION,DSV_NUMBER,NAME,URL) values ('GER','435','Die deutschen Segler','http://google.de');
INSERT INTO clubs (ABREVIATION,DSV_NUMBER,NAME,URL) values ('SWE','534','Die schwedischen Segler','http://google.se');

INSERT INTO TEAMS (COUNTRY,EMAIL,HANDYCAP_FAKTOR,HASH,NAME,CLUBS_ID) VALUES ('DE','me@deutschland.de',1,'asdh832','GER 72',1);
INSERT INTO TEAMS (COUNTRY,EMAIL,HANDYCAP_FAKTOR,HASH,NAME,CLUBS_ID) VALUES ('SE','me@schweden.se',2,'534234qasd','SWE 743',2);

 INSERT INTO events (end_date, name, start_date, clubs_id,longitude,latitude) VALUES ('1980-01-05 21:03:20', 'Segel-Cup', '1980-05-02 23:03:20', 1, 13.19573, 52.50151);
 INSERT INTO events (end_date, name, start_date, clubs_id,longitude,latitude) VALUES ('1970-01-01 23:03:20', 'ClubSegler', '1980-01-01 23:03:20', 2, 13.34148, 52.49603);

 insert into team_events (teams_id,events_id) values (1,1);
 insert into team_events (teams_id,events_id) values (2,1);
 
 
INSERT INTO races (NUMBER,EVENTS_ID) VALUES (1,1);
INSERT INTO races (NUMBER,EVENTS_ID) VALUES (2,2);

-- team 1, race 1, event 1
INSERT INTO TEAM_POSITIONS (LATITUDE,LONGITUDE,TIME,RACES_ID,TEAMS_ID) VALUES (52.50151, 13.19573,'1970-01-01 23:03:20',1,1);
INSERT INTO TEAM_POSITIONS (LATITUDE,LONGITUDE,TIME,RACES_ID,TEAMS_ID) VALUES (52.50108, 13.20197,'1970-01-01 23:03:20',1,1);
INSERT INTO TEAM_POSITIONS (LATITUDE,LONGITUDE,TIME,RACES_ID,TEAMS_ID) VALUES (52.50009, 13.19847,'1970-01-01 23:03:20',1,1);
INSERT INTO TEAM_POSITIONS (LATITUDE,LONGITUDE,TIME,RACES_ID,TEAMS_ID) VALUES (52.50142, 13.19501,'1970-01-01 23:03:20',1,1);
INSERT INTO TEAM_POSITIONS (LATITUDE,LONGITUDE,TIME,RACES_ID,TEAMS_ID) VALUES (52.50001, 13.18998,'1970-01-01 23:03:20',1,1);
INSERT INTO TEAM_POSITIONS (LATITUDE,LONGITUDE,TIME,RACES_ID,TEAMS_ID) VALUES (52.50145, 13.18822,'1970-01-01 23:03:20',1,1);
-- team 2, race 1, event 1
INSERT INTO TEAM_POSITIONS (LATITUDE,LONGITUDE,TIME,RACES_ID,TEAMS_ID) VALUES (52.50108 + 0.001, 13.20197 + 0.001,'1970-01-01 23:03:20',2,2);
INSERT INTO TEAM_POSITIONS (LATITUDE,LONGITUDE,TIME,RACES_ID,TEAMS_ID) VALUES (52.50009,         13.19847 + 0.001,'1970-01-01 23:03:20',2,2);
INSERT INTO TEAM_POSITIONS (LATITUDE,LONGITUDE,TIME,RACES_ID,TEAMS_ID) VALUES (52.50142 + 0.001, 13.19501 + 0.001,'1970-01-01 23:03:20',2,2);
INSERT INTO TEAM_POSITIONS (LATITUDE,LONGITUDE,TIME,RACES_ID,TEAMS_ID) VALUES (52.50001 + 0.001, 13.18998,'1970-01-01 23:03:20',2,2);
INSERT INTO TEAM_POSITIONS (LATITUDE,LONGITUDE,TIME,RACES_ID,TEAMS_ID) VALUES (52.50001 + 0.001, 13.18998,'1970-01-01 23:03:20',2,2);
INSERT INTO TEAM_POSITIONS (LATITUDE,LONGITUDE,TIME,RACES_ID,TEAMS_ID) VALUES (52.50145 + 0.001, 13.18822 + 0.001,'1970-01-01 23:03:20',2,2);
